t,rx,ry,r_yaw_deg,gx,gy,g_yaw_deg,x_err,y_err,xy_err,yaw_err_deg,path_err,linear_vel,angular_vel
0.05352113200024178,-4.450209568116512e-19,-3.94650925189328e-38,2.4522162150492256e-17,5.6,0.0,-89.95437383553924,5.6,3.94650925189328e-38,5.6,-89.95437383553924,0.019999975413092633,-8.583961019015532e-21,-3.090710769091033e-20
0.18812336700011656,0.0004999999787906838,-1.2499999715402165e-07,-0.02864788972969806,5.6,0.0,-89.95437383553924,5.599500000021209,1.2499999715402165e-07,5.5995000000212105,-89.92572594580956,0.019999850413086804,0.0024999999981201396,-0.002499999997657555
0.3218047730001672,0.006999959108773999,-2.1230711373026114e-05,-0.3129231033384448,5.6,0.0,-89.95437383553924,5.5930000408912255,2.1230711373026114e-05,5.59300004093152,-89.64145073220081,0.019978744701710932,0.03503759397617009,-0.027336610744015787
0.450872118999996,0.01999946456091674,-0.0001326138165534107,-0.6434756773389672,5.6,0.0,-89.95437383553924,5.5800005354390825,0.0001326138165534107,5.580000537014927,-89.31089815820029,0.019867361596530547,0.09753759397248515,-0.05368276458261443
0.5860180220001894,0.03949745387255553,-0.00041073861546149525,-0.9740282513394956,5.6,0.0,-89.95437383553924,5.560502546127444,0.00041073861546149525,5.560502561297495,-88.98034558419975,0.019589236797622464,0.16249999998759282,-0.05769230767251342
0.7189047410001876,0.0659920983123059,-0.0009416831339182065,-1.3045808253400235,5.6,0.0,-89.95437383553924,5.534007901687694,0.0009416831339182065,5.534007981807486,-88.64979301019923,0.019058292279165754,0.22999999998631546,-0.057692307672514466
0.867850921000354,0.0989819429027462,-0.0017597912980676824,-1.4896902668328684,5.6,0.0,-89.95437383553924,5.501018057097253,0.0017597912980676824,5.501018338578363,-88.46468356870638,0.018240184115016277,0.29749999998754273,-0.04499999998914703
1.0044039809999958,0.13946719144786537,-0.0028525623385636124,-1.5998744582025974,5.6,0.0,-89.95437383553924,5.460532808552134,0.0028525623385636124,5.460533553636142,-88.35449937733665,0.01714741307452035,0.3674999999874686,-0.02576923076813613
1.150717515999986,0.18644755121988862,-0.004210911420289815,-1.710058649572363,5.6,0.0,-89.95437383553924,5.413552448780111,0.004210911420289815,5.413554086500672,-88.24431518596688,0.015789063992794145,0.4374999999861555,-0.019230769230495895
1.2911150220002128,0.24092165186101513,-0.005890625888665916,-1.8202428409420977,5.6,0.0,-89.95437383553924,5.3590783481389845,0.005890625888665916,5.359081585585858,-88.13413099459716,0.014109349524418044,0.5074999999861434,-0.019230769230496512
1.4371493190001274,0.30288840337165707,-0.007920531975309626,-1.930427032311786,5.6,0.0,-89.95437383553924,5.297111596628342,0.007920531975309626,5.297117518232085,-88.02394680322747,0.012079443437774333,0.5824999999861374,-0.019230769230489896
1.5778717410003082,0.37084766613500886,-0.010273725225022207,-2.0119633339366367,5.6,0.0,-89.95437383553924,5.229152333864991,0.010273725225022207,5.229162426258691,-87.94241050160261,0.009726250188061752,0.6499999999886842,-0.01673076923150721
1.7239815420002742,0.43480929073922736,-0.012489628311902999,-1.989926495647395,5.6,0.0,-89.95437383553924,5.165190709260772,0.012489628311902999,5.165205809437719,-87.96444733989186,0.00751034710118096,0.6599999999963497,-0.005192307691880282
1.8730929060002381,0.4941398950464452,-0.014608052671437704,-2.100110687016436,5.6,0.0,-89.95437383553924,5.105860104953554,0.014608052671437704,5.105881001997517,-87.85426314852282,0.005391922741646255,0.6168421052611822,-0.007692307690802355
2.020243598000434,0.5517269824871395,-0.017623722697032475,-2.37998762082148,5.6,0.0,-89.95437383553924,5.0482730175128605,0.017623722697032475,5.048303779978984,-87.57438621471778,0.0023762527160514843,0.5978947368350098,-0.015384615385050707
2.1535351360003006,0.6171787179359374,-0.0206227214479978,-2.43342922556373,5.6,0.0,-89.95437383553924,4.982821282064062,0.0206227214479978,4.982863958170087,-87.52094460997553,0.0006227460349138396,0.631842105252358,-0.005769230769733614
2.2912603970003147,0.6875100863632044,-0.023608948077859942,-2.411392387296951,5.6,0.0,-89.95437383553924,4.912489913636795,0.023608948077859942,4.91254664446177,-87.5429814482423,0.0036089726647759827,0.6827631578850206,0.0019230769225547489
2.4403000310003335,0.7528485762523874,-0.026320608631746664,-2.3673187107368436,5.6,0.0,-89.95437383553924,4.847151423747612,0.026320608631746664,4.847222885238232,-87.5870551248024,0.006320633218662705,0.6789473684179343,0.005769230769588482
2.5900828090002506,0.8156972506249416,-0.03254198328678973,-2.637448820548516,5.6,0.0,-89.95437383553924,4.784302749375058,0.03254198328678973,4.784413420509768,-87.31692501499073,0.012542007873705768,0.6524999999957958,0.003846153847316214
2.7325143260000004,0.8756828218521097,-0.03626493731564661,-2.6388708331855124,5.6,0.0,-89.95437383553924,4.72431717814789,0.03626493731564661,4.724456365066964,-87.31550300235374,0.01626496190256265,0.6285526315752861,0.005769230768821193
2.8828347690000555,0.9344125341631944,-0.03891485242800489,-2.528686641811622,5.6,0.0,-89.95437383553924,4.665587465836805,0.03891485242800489,4.665749754017353,-87.42568719372763,0.01891487701492093,0.5969736842070682,0.015384615384279082
3.0300296740001613,0.9948561864677079,-0.041525170208420815,-2.4185024504381283,5.6,0.0,-89.95437383553924,4.605143813532292,0.041525170208420815,4.605331028609733,-87.53587138510113,0.021525194795336856,0.5964473684117453,0.019230769231184695
3.186664679000387,1.0464796139437091,-0.03940222708706832,-1.9936504956319716,5.6,0.0,-89.95437383553924,4.553520386056291,0.03940222708706832,4.553690859262369,-87.96072333990728,0.019719044837750006,0.6357894736721612,0.01923076923107984
3.3373298030001024,1.1133507722738498,-0.040478242837658315,-1.8047993633997015,5.6,0.0,-89.95437383553924,4.48664922772615,0.040478242837658315,4.486831819981543,-88.14957447213955,0.020478267424574356,0.6865789473596831,0.01923076923111544
3.4874918380000963,1.1774787021689996,-0.04243854713772908,-1.6946151720254299,5.6,0.0,-89.95437383553924,4.4225212978310005,0.04243854713772908,4.4227249134500735,-88.25975866351382,0.02243857172464512,0.6740789473673615,0.019230769231253598
3.641708132000076,1.2369543282809008,-0.04414113412317078,-1.584430980651751,5.6,0.0,-89.95437383553924,4.363045671719099,0.04414113412317078,4.363268954949768,-88.3699428548875,0.02414115871008682,0.6182894736826532,0.019230769231234034
3.779079634000027,1.2991427005679423,-0.045800883286211666,-1.4742467892789777,5.6,0.0,-89.95437383553924,4.3008572994320575,0.045800883286211666,4.301101164932977,-88.48012704626028,0.025800907873127707,0.6085526315723073,0.019230769231103277
3.9275844730000244,1.3345026697993545,-0.051915251393626335,-1.0440357590277172,5.6,0.0,-89.95437383553924,4.265497330200645,0.051915251393626335,4.265813248054361,-88.91033807651154,0.031915275980542376,0.6031578947327548,0.019230769231192095
4.079136204000406,1.3865699789566375,-0.05399846846535494,-0.8538448579350398,5.6,0.0,-89.95437383553924,4.213430021043362,0.05399846846535494,4.213776023571504,-89.10052897760421,0.033998493052270984,0.5813157894688366,0.019230769231258535
4.232508499000232,1.4470641017770747,-0.054841063867061904,-0.7436606665616449,5.6,0.0,-89.95437383553924,4.152935898222925,0.054841063867061904,4.1532979807659745,-89.2107131689776,0.015158912291080115,0.5917105263056349,0.01923076923114505
4.381388961000084,1.5137171580893376,-0.055643496334552976,-0.6555133134546333,5.6,0.0,-89.95437383553924,4.086282841910662,0.055643496334552976,4.086661677063298,-89.29886052208462,0.014356479823589043,0.6357894736722571,0.017307692308743426
4.5184111020003,1.5801771655184247,-0.053717969264078264,-0.396844164221955,5.6,0.0,-89.95437383553924,4.019822834481575,0.053717969264078264,4.020181742265061,-89.5575296713173,0.016282006894063755,0.6890789473597574,0.003846153848092132
4.660486485000092,1.6441527720773763,-0.05351500667215332,-0.5767857817403905,5.6,0.0,-89.95437383553924,3.9558472279226233,0.05351500667215332,3.9562091889335456,-89.37758805379886,0.016484969485988696,0.681578947366172,-0.026153846150964655
4.805281401000229,1.7029374362846132,-0.05426231843540873,-0.8500425763507098,5.6,0.0,-89.95437383553924,3.8970625637153864,0.05426231843540873,3.8974403170175584,-89.10433125918854,0.015737657722733292,0.6197368421050066,-0.04615384615285933
4.953366477000145,1.7599838886902524,-0.05510167067907034,-0.7795246939078468,5.6,0.0,-89.95437383553924,3.8400161113097475,0.05510167067907034,3.840411427077841,-89.1748491416314,0.014898305479071679,0.5792105263116637,-0.01769230769616831
5.104911644000367,1.823690696075751,-0.05578179090542995,-0.4489721197999023,5.6,0.0,-89.95437383553924,3.776309303924249,0.05578179090542995,3.776721272095872,-89.50540171573935,0.014218185252712068,0.6038157894624754,0.03499999999644225
5.25396148100026,1.8955081849990276,-0.0693232224656628,-1.1955552335533772,5.6,0.0,-89.95437383553924,3.704491815000972,0.0693232224656628,3.705140390940972,-88.75881860198587,0.000676753692479215,0.6546052631492894,0.057692307686431375
5.4038855600001625,1.9567473824184765,-0.0739885482820172,-1.134286581504267,5.6,0.0,-89.95437383553924,3.643252617581523,0.0739885482820172,3.6440038338058183,-88.82008725403499,0.003988572123875184,0.6371052631556772,0.05769230767706605
5.546924239000418,2.0177381234371596,-0.07504904246807079,-0.9183255665053105,5.6,0.0,-89.95437383553924,3.58226187656284,0.07504904246807079,3.5830479359130676,-89.03604826903394,0.005049066309928768,0.6060526315734197,0.047692307674668775
5.68496785600064,2.0842543531829154,-0.07620538801075935,-1.1210644784943455,5.6,0.0,-89.95437383553924,3.5157456468170842,0.07620538801075935,3.516571443078492,-88.83330935704491,0.006205411852617332,0.6376315789372788,0.0011538461578047715
5.824181368000154,2.1513426120717005,-0.07771183168405696,-1.4516170524947731,5.6,0.0,-89.95437383553924,3.448657387928299,0.07771183168405696,3.4495328536044023,-88.50275678304448,0.00771185552591494,0.6681578947287503,-0.04653846151684675
5.963081418000456,2.226614019098596,-0.07548317026379561,-0.9325060410583522,5.6,0.0,-89.95437383553924,3.3733859809014035,0.07548317026379561,3.374230384122459,-89.0218677944809,0.005483194105653594,0.6860526315702954,-0.04499999998920755
6.11080735600035,2.297904009877464,-0.07543705217876594,-0.866635119196236,5.6,0.0,-89.95437383553924,3.3020959901225355,0.07543705217876594,3.3029575650959777,-89.08773871634301,0.005437076020623918,0.7007894736773647,-0.025769230768264047
6.265148466000483,2.3664477419092247,-0.07654097629917916,-0.9768193105640333,5.6,0.0,-89.95437383553924,3.233552258090775,0.07654097629917916,3.2344580267576175,-88.97755452497522,0.0065410001410371454,0.6930263157838807,-0.019230769230382725
6.415524161000121,2.4324896716628173,-0.0777293826604988,-1.087003501933415,5.6,0.0,-89.95437383553924,3.1675103283371824,0.0777293826604988,3.1684639081188077,-88.86737033360583,0.007729406502356775,0.673026315785886,-0.019230769230293907
6.562329898999906,2.480285242162453,-0.0699267887017175,-0.5187814695307071,5.6,0.0,-89.95437383553924,3.1197147578375466,0.0699267887017175,3.120498345785095,-89.43559236600855,7.318745642452551e-05,0.6205263157909995,-0.01923076923048158
6.710238900000604,2.5376141119265707,-0.06811006916986072,-0.459364104958734,5.6,0.0,-89.95437383553924,3.062385888073429,0.06811006916986072,3.0631432073923035,-89.4950097305805,0.0018899069882813008,0.5899999999947994,-0.019230769230639478
6.856603224000082,2.6028483060825804,-0.06869673074414737,-0.5695482963296982,5.6,0.0,-89.95437383553924,2.997151693917419,0.06869673074414737,2.99793887815729,-89.38482553920956,0.0013032454139946525,0.6259210526197625,-0.0192307692307283
7.002824435000093,2.666949895400152,-0.06938267415748842,-0.6224367081992479,5.6,0.0,-89.95437383553924,2.9330501045998476,0.06938267415748842,2.9338706296574193,-89.33193712734,0.0006173020006536023,0.6467105263081331,-0.014230769231726758
7.150499249000404,2.716633037159187,-0.06708613200479109,-0.09646458627295039,5.6,0.0,-89.95437383553924,2.8833669628408125,0.06708613200479109,2.8841472901898086,-89.8579092492663,0.002913844153350928,0.6460526315752956,-0.0038461538459926086
7.2989416519999395,2.7721112354813284,-0.066366013338862,-0.07735943098859224,5.6,0.0,-89.95437383553924,2.827888764518671,0.066366013338862,2.82866740926137,-89.87701440455066,0.0036339628192800233,0.6223684210491909,-0.008846153844584597
7.452490520000083,2.833111115448375,-0.0664861878066876,-0.12143310754341134,5.6,0.0,-89.95437383553924,2.7668888845516246,0.0664861878066876,2.767687574966582,-89.83294072799585,0.003513788351454425,0.6018421052564435,-0.013461538461667779
7.603469533000407,2.8991372829457145,-0.06662612437394465,-0.12143310754307242,5.6,0.0,-89.95437383553924,2.700862717054285,0.06662612437394465,2.701684374019835,-89.83294072799617,0.003373851784197371,0.6351315789384027,-0.0038461538466737144
7.750633646000551,2.9596634627964455,-0.06675440420841738,-0.12143310754131949,5.6,0.0,-89.95437383553924,2.640336537203554,0.06675440420841738,2.6411802627184073,-89.83294072799794,0.003245571949724635,0.6327631578905458,1.8255154332618467e-13
7.900995375000548,3.026402388617373,-0.0680241464920481,-0.03619767558521664,5.6,0.0,-89.95437383553924,2.5735976113826267,0.0680241464920481,2.574496445874481,-89.91817615995403,0.0019758296660939145,0.5986842105228684,7.450645424695986e-13
8.051482266000221,3.0894939742957197,-0.06832611995565965,-0.014888817594494591,5.6,0.0,-89.95437383553924,2.51050602570428,0.06832611995565965,2.5114356379898917,-89.93948501794476,0.0016738562024823656,0.6021052631491306,8.881599545324115e-13
8.197337494999829,3.1559413404726304,-0.06834338689478325,-0.01488881759370323,5.6,0.0,-89.95437383553924,2.4440586595273692,0.06834338689478325,2.445014018312159,-89.93948501794554,0.0016565892633587653,0.6382894736752663,3.6512155182011496e-13
8.349113503999888,3.216467654218467,-0.0683591151957662,-0.014888817591950545,5.6,0.0,-89.95437383553924,2.3835323457815325,0.0683591151957662,2.3845124055070803,-89.9394850179473,0.001640860962375812,0.6348684210490095,2.2202613975731395e-13
8.49884705300019,3.27617815628922,-0.06831683293386936,0.0952953737752818,5.6,0.0,-89.95437383553924,2.3238218437107796,0.06831683293386936,2.3248258323946507,-90.04966920931453,0.001683143224272654,0.6011842105215913,0.00961538461518138
8.647704264999902,3.330999801521338,-0.07305289750398772,0.07583716566501186,5.6,0.0,-89.95437383553924,2.2690001984786616,0.07305289750398772,2.270175902111978,-90.03021100120426,0.0030529213458456994,0.6232894736740002,0.019230769230555386
8.784757843000534,3.3950708553107556,-0.07416559778581186,0.15361075716556838,5.6,0.0,-89.95437383553924,2.204929144689244,0.07416559778581186,2.206176119215093,-90.10798459270482,0.004165621627669841,0.6577631578870902,0.01923076923091576
8.92153351099978,3.459175681023559,-0.07393151466891748,0.2637949485390775,5.6,0.0,-89.95437383553924,2.1408243189764407,0.07393151466891748,2.1421005190191664,-90.21816878407833,0.003931538510775462,0.6535526315728072,0.0192307692309651
9.057415380000293,3.5232799467509577,-0.07357569198661654,0.37397913991292525,5.6,0.0,-89.95437383553924,2.076720053249042,0.07357569198661654,2.0780229936211034,-90.32835297545218,0.0035757158284745183,0.6410526315741443,0.019230769231182214
9.20290735000026,3.5806467578344376,-0.07314708283779661,0.48416333128824324,5.6,0.0,-89.95437383553924,2.019353242165562,0.07314708283779661,2.0206776121816774,-90.4385371668275,0.0031471066796545932,0.607368421052598,0.01923076923133994
9.343107908000547,3.650020805870114,-0.09363156071636573,-1.264507107640899,5.6,0.0,-89.95437383553924,1.9499791941298859,0.09363156071636573,1.9522258390620746,-88.68986672789836,0.023631584558223714,0.5721052631533066,0.019230769231354743
9.479346542000258,3.7155419854761544,-0.1007156277560649,-1.619036573845216,5.6,0.0,-89.95437383553924,1.8844580145238452,0.1007156277560649,1.8871474892486413,-88.33533726169404,0.030715651597922874,0.6006578947254435,0.019230769231019382
9.622973247000573,3.7836223575772556,-0.10255568991170037,-1.422908713245144,5.6,0.0,-89.95437383553924,1.816377642422744,0.10255568991170037,1.819270570703124,-88.53146512229411,0.032555713753558355,0.6559210526194196,0.026730769227217437
9.775003633000324,3.85166047791696,-0.10394697839581431,-0.8543582859083851,5.6,0.0,-89.95437383553924,1.7483395220830396,0.10394697839581431,1.7514268636729229,-89.10001554963087,0.03394700223767229,0.6807894736780057,0.06673076921505504
9.92321702199979,3.920709294412946,-0.10464753354049795,-0.3034373291528548,5.6,0.0,-89.95437383553924,1.6792907055870536,0.10464753354049795,1.6825481806317386,-89.6509365063864,0.034647557382355934,0.6855263157860694,0.0976923076713421
10.066380312000092,3.992842483673203,-0.11345848518739454,-0.34373290497807746,5.6,0.0,-89.95437383553924,1.6071575163267968,0.11345848518739454,1.6111573821780218,-89.61064093056117,0.04345850902925252,0.6605263157860388,0.09615384613510225
10.216223800000535,4.055255207769541,-0.1158735075392896,0.059383918647828056,5.6,0.0,-89.95437383553924,1.5447447922304587,0.1158735075392896,1.5490846144974073,-90.01375775418708,0.04587353138114758,0.6163157894699058,0.09615384613618372
10.365839036000125,4.1184122067906355,-0.11556173394250682,0.46486174291155336,5.6,0.0,-89.95437383553924,1.4815877932093642,0.11556173394250682,1.4860877845331992,-90.41923557845081,0.0044386329534929,0.6201662049789214,0.08376518218000698
10.510711976000039,4.18393464252905,-0.11485474082931396,0.7381185375238788,5.6,0.0,-89.95437383553924,1.4160653574709494,0.11485474082931396,1.4207155620039842,-90.69249237306312,0.005146607838487272,0.643618585930877,0.05925968768325034
10.657944959999895,4.2505782926457885,-0.12252208937599589,0.07679659308786276,5.6,0.0,-89.95437383553924,1.3494217073542112,0.12252208937599589,1.3549725483063537,-90.03117042862712,0.002519104547107272,0.6475313283126123,0.019532967036176966
10.80135096100048,4.313116854894403,-0.12479523534663095,-0.24444452381009862,5.6,0.0,-89.95437383553924,1.2868831451055964,0.12479523534663095,1.2929199820259925,-89.70992931172916,0.004789653392158931,0.6335526315752708,-0.018653846150959656
10.952238344999842,4.37148393994553,-0.1251844756879122,-0.46040553891773073,5.6,0.0,-89.95437383553924,1.2285160600544698,0.1251844756879122,1.2348776711743616,-89.49396829662152,0.005175511429535672,0.6023684210504967,-0.03346153846259313
11.10198132800042,4.431192959161536,-0.12560707961598333,-0.32598082547440166,5.6,0.0,-89.95437383553924,1.1688070408384634,0.12560707961598333,1.1755369144196288,-89.62839301006484,0.005593352769837826,0.5903947368348339,-0.0071153846197072376
11.250804810000318,4.4873073886317645,-0.12932035298826933,0.18092171302597757,5.6,0.0,-89.95437383553924,1.1126926113682352,0.12932035298826933,1.120182396349127,-90.13529554856522,0.009300887563922255,0.6096052631516223,0.04057692307363579
11.402196958999866,4.5449864016087975,-0.1298889945346212,0.36604496909422324,5.6,0.0,-89.95437383553924,1.0550135983912021,0.1298889945346212,1.0629792301317875,-90.32041880463348,0.011087366917720979,0.6071052631529062,0.04115384615440071
11.546261312999832,4.605984901789183,-0.1294614741957038,0.4101186456486473,5.6,0.0,-89.95437383553924,0.9940150982108165,0.1294614741957038,1.002410239758146,-90.36449248118791,0.009421501812628845,0.6010526315707145,0.01615384615561358
11.697629228000096,4.669641794872659,-0.12911165354047408,0.20958341736418298,5.6,0.0,-89.95437383553924,0.9303582051273409,0.12911165354047408,0.9392742990882497,-90.16395725290343,0.009017145641460514,0.6232894736746365,-0.013653846152343446
11.847757404999811,4.735799247000607,-0.1288696537481627,0.2095834173481251,5.6,0.0,-89.95437383553924,0.8642007529993929,0.1288696537481627,0.8737564472677092,-90.16395725288739,0.008678436793028023,0.6490789473620803,-0.017500000000413556
12.000559854000585,4.801860002388654,-0.1122130742178142,1.2239478476564047,5.6,0.0,-89.95437383553924,0.7981399976113455,0.1122130742178142,0.8059895965907073,-91.17832168319566,0.008126867021015508,0.6276315789443454,-1.4901768476590274e-12
12.14789718900056,4.8642752115347045,-0.10652176409965083,1.4775389552298843,5.6,0.0,-89.95437383553924,0.7357247884652951,0.10652176409965083,0.7433961599236337,-91.43191279076913,0.014020034461565765,0.6018421052568361,-4.243627440190578e-13
12.294202642000073,4.927912005450462,-0.10488286584398446,1.4555021169640934,5.6,0.0,-89.95437383553924,0.6720879945495373,0.10488286584398446,0.6802225282694377,-91.40987595250334,0.015930695042539925,0.6232894736744642,-0.0019230769226731923
12.446517787000175,4.994049322243182,-0.10323298070608097,1.4599094845956762,5.6,0.0,-89.95437383553924,0.6059506777568178,0.10323298070608097,0.6146814395924192,-91.41428332013493,0.01690056321472307,0.6490789473620389,-0.0015384615397530676
12.596937843999967,5.05116073760702,-0.10211799840501147,2.2669328077689506,5.6,0.0,-89.95437383553924,0.5488392623929794,0.10211799840501147,0.5582585615486032,-92.2213066433082,0.018181251835544858,0.6322368421009777,0.03826923076371971
12.747139429000072,5.115209692116697,-0.09913580893135862,3.2151865350823523,5.6,0.0,-89.95437383553924,0.48479030788330224,0.09913580893135862,0.4948227472843804,-93.1695603706216,0.02148654986359613,0.626184210517866,0.11249999999385471
12.896055737000552,5.177690646465238,-0.09519948997593716,3.949013249650361,5.6,0.0,-89.95437383553924,0.42230935353476173,0.09519948997593716,0.43290660999183983,-93.9033870851896,0.025912431078925744,0.6377631578893261,0.13865384615424287
13.046450930999981,5.232648983411738,-0.09118079430386558,4.48230473586809,5.6,0.0,-89.95437383553924,0.36735101658826164,0.09118079430386558,0.3784979612076043,-94.43667857140734,0.03053948274143056,0.5885526315801176,0.11057692307828944
13.196571427000436,5.280089991002609,-0.08723195403847064,5.066280950133864,5.6,0.0,-89.95437383553924,0.3199100089973905,0.08723195403847064,0.33158984855100787,-95.02065478567312,0.03451212744020205,0.5135526315800998,0.09749999999811561
13.336326524000015,5.332215338496547,-0.07811940966715061,5.705838218179242,5.6,0.0,-89.95437383553924,0.2677846615034527,0.07811940966715061,0.27894671014956035,-95.6602120537185,0.033504451765712345,0.43855263158000035,0.10826923077016866
13.490313327000422,5.368692734982923,-0.07333750272402487,6.096012495151069,5.6,0.0,-89.95437383553924,0.23130726501707688,0.07333750272402487,0.24265498172400374,-96.05038633069032,0.003337526565882848,0.368552631579912,0.09173076923169267
13.636790460000611,5.394142415573575,-0.07051971175137849,6.530138209162333,5.6,0.0,-89.95437383553924,0.20585758442642454,0.07051971175137849,0.2176014127053867,-96.48451204470159,0.0005197355932364672,0.2960526315799426,0.07230769230821357
13.78651033000051,5.412619373390053,-0.06833894612578358,7.034781805595654,5.6,0.0,-89.95437383553924,0.18738062660994625,0.06833894612578358,0.19945353039321928,-96.9891556411349,0.0016610300323584432,0.22105263158004912,0.0819230769196744
13.934590114000002,5.4249639704411905,-0.06674328518907659,7.676053799315348,5.6,0.0,-89.95437383553924,0.17503602955880915,0.06674328518907659,0.18732932968849997,-97.6304276348546,0.0032566909690654317,0.15532251681720777,0.10017399266439453
14.074108719999913,5.441214874201814,-0.0637550965535966,7.8990770706822,5.6,0.0,-89.95437383553924,0.15878512579818604,0.0637550965535966,0.17110648296106198,-97.85345090622145,0.0062448796045454225,0.12150672733952814,0.08094322344040616
14.206504801999927,5.454074272014846,-0.061789901822004584,7.881560401244319,5.6,0.0,-89.95437383553924,0.14592572798515402,0.061789901822004584,0.1584686406049163,-97.83593423678357,0.008210074336137435,0.11842105262473834,0.024615384617158634
14.337720234000244,5.464029239509473,-0.060392109240090336,8.159224563476915,5.6,0.0,-89.95437383553924,0.13597076049052692,0.060392109240090336,0.14877921416259476,-98.11359839901617,0.009607866918051683,0.10947368420575247,0.024038461535565967
14.47421660200007,5.471839391192428,-0.05923974573666098,8.66166447603813,5.6,0.0,-89.95437383553924,0.12816060880757174,0.05923974573666098,0.14118955033879696,-98.61603831157738,0.01076023042148104,0.08973684210073238,0.06807692306688058
14.612530251999942,5.47964031349365,-0.05802634560712337,8.963569160403761,5.6,0.0,-89.95437383553924,0.1203596865063492,0.05802634560712337,0.13361703080230447,-98.91794299594301,0.011973630551018646,0.07894736841442647,0.07019230768500076
14.764339589999963,5.487439165049383,-0.05679965441357912,8.888643910296075,5.6,0.0,-89.95437383553924,0.11256083495061642,0.05679965441357912,0.1260799044506377,-98.84301774583533,0.013200321744562898,0.0789473684142022,0.01980769231057592
14.909743706000427,5.495242050822054,-0.055598947434038565,8.588942909784114,5.6,0.0,-89.95437383553924,0.10475794917794534,0.055598947434038565,0.1185979378899227,-98.54331674532335,0.014401028724103454,0.07894736841420302,-0.03269230768857153
15.045177532000253,5.50305160768116,-0.05444243604800773,8.258390335671733,5.6,0.0,-89.95437383553924,0.0969483923188399,0.05444243604800773,0.11118889160365394,-98.21276417121099,0.015557540110134292,0.07894736841425994,-0.054999999998292956
15.183125898000526,5.5108676520580415,-0.05333060786030266,7.95648565130214,5.6,0.0,-89.95437383553924,0.08913234794195812,0.05333060786030266,0.1038688075622112,-97.91085948684139,0.01666936829783936,0.07894736841436208,-0.055192307693236665
15.330532731999938,5.517409891284442,-0.05242033120924584,7.969707754211133,5.6,0.0,-89.95437383553924,0.08259010871555805,0.05242033120924584,0.09782135340371616,-97.92408158975037,0.017579644948896175,0.07249999999528838,-0.02519230769822054
15.479540890000408,5.520822688102581,-0.05193337394263335,8.355352423888247,5.6,0.0,-89.95437383553924,0.07917731189741861,0.05193337394263335,0.09468960897778855,-98.30972625942749,0.018066602215508668,0.050263157891670754,0.03480769229215536
15.618705316000614,5.521109060875914,-0.05189111715738576,8.540461865327943,5.6,0.0,-89.95437383553924,0.07889093912408551,0.05189111715738576,0.09442705288063215,-98.4948357008672,0.01810885900075626,0.01868421052468645,0.04980769229140987
15.758767384000294,5.521109060875914,-0.05189111715738576,8.324500850465366,5.6,0.0,-89.95437383553924,0.07889093912408551,0.05189111715738576,0.09442705288063215,-98.27887468600463,0.01810885900075626,0.0014473684211238752,-0.00269230767825034
15.90549477400009,5.521109060875914,-0.05189111715738576,7.707469379020512,5.6,0.0,-89.95437383553924,0.07889093912408551,0.05189111715738576,0.09442705288063215,-97.66184321455977,0.01810885900075626,2.595146319831991e-16,-0.07269230765219159
16.05429458700064,5.521109060875914,-0.05189111715738576,6.689367450987515,5.6,0.0,-89.95437383553924,0.07889093912408551,0.05189111715738576,0.09442705288063215,-96.64374128652676,0.01810885900075626,2.595146319831991e-16,-0.14269230765108254
16.197434209999756,5.521109060875923,-0.05189111715738487,5.241547176607853,5.6,0.0,-89.95437383553924,0.07889093912407663,0.05189111715738487,0.09442705288062424,-95.19592101214711,0.01810885900075715,4.6888881666240766e-14,-0.2151923076506559
16.34004056999993,5.521109060875923,-0.05189111715738484,2.954123364023987,5.6,0.0,-89.95437383553924,0.07889093912407663,0.05189111715738484,0.09442705288062422,-92.90849719956324,0.018108859000757177,4.910932771549113e-14,-0.30457489874404475
16.482353374000468,5.521109060875923,-0.051891117157384856,1.085399478567719,5.6,0.0,-89.95437383553924,0.07889093912407663,0.051891117157384856,0.09442705288062424,-91.03977331410697,0.018108859000757163,2.5951463198320224e-16,-0.3627525544207088
16.62931893399991,5.521109060875923,-0.051891117157384856,-1.5942800553405712,5.6,0.0,-89.95437383553924,0.07889093912407663,0.051891117157384856,0.09442705288062424,-88.36009378019868,0.018108859000757163,-1.960931417267158e-15,-0.43275255442065347
16.777527726000244,5.521109060875923,-0.05189111715738488,-4.703677935597559,5.6,0.0,-89.95437383553924,0.07889093912407663,0.05189111715738488,0.09442705288062425,-85.25069589994169,0.018108859000757135,2.4799606812335627e-15,-0.5051923076501205
16.927724917999967,5.521109060875923,-0.05189111715738483,-8.242794162203591,5.6,0.0,-89.95437383553924,0.07889093912407663,0.05189111715738483,0.09442705288062422,-81.71157967333565,0.01810885900075719,2.5951463198320224e-16,-0.580192307650251
17.075153686999784,5.521109060875923,-0.05189111715738483,-12.21162873515809,5.6,0.0,-89.95437383553924,0.07889093912407663,0.05189111715738483,0.09442705288062422,-77.74274510038116,0.01810885900075719,-1.960931417267158e-15,-0.6551923076503512
17.22551613099995,5.521109060875911,-0.05189111715738132,-16.488979043976947,5.6,0.0,-89.95437383553924,0.07889093912408907,0.05189111715738132,0.09442705288063268,-73.4653947915623,0.018108859000760702,-6.413342079627725e-14,-0.7196153845756241
17.371175671999936,5.52110906087591,-0.05189111715738093,-20.786162507274742,5.6,0.0,-89.95437383553924,0.07889093912408995,0.05189111715738093,0.0944270528806332,-69.1682113282645,0.01810885900076109,-7.079475894402834e-14,-0.7482692307344257
17.515869473999828,5.52110906087591,-0.05189111715738093,-25.083345970572868,5.6,0.0,-89.95437383553924,0.07889093912408995,0.05189111715738093,0.0944270528806332,-64.87102786496638,0.01810885900076109,-6.4018235157678714e-15,-0.7499999999680271
17.665204647000337,5.557827785724055,-0.045803573287826346,-29.462511170254277,5.6,0.0,-89.95437383553924,0.04217221427594442,0.045803573287826346,0.06226124784221281,-60.491862665284984,0.01157443183240962,2.5951463198321047e-16,-0.7499999999680567
17.81164190700065,5.5670056894480195,-0.044281669047727595,-33.78019006764845,5.6,0.0,-89.95437383553924,0.0329943105519801,0.044281669047727595,0.055222194292267865,-56.1741837678908,0.006160822680607386,-4.18137746651751e-15,-0.7499999999680631
17.95756161899999,5.567005689448005,-0.044281669047718034,-38.077373530969446,5.6,0.0,-89.95437383553924,0.03299431055199431,0.044281669047718034,0.05522219429226869,-51.877000304569805,0.006160822680624583,-8.855832733803121e-14,-0.7499999999700698
18.095558391000395,5.584773435359455,-0.04316133663031564,-42.59619165969956,5.6,0.0,-89.95437383553924,0.015226564640544282,0.04316133663031564,0.04576843071887106,-47.358182175839694,0.00561067629023329,-8.41174352395305e-14,-0.7499999999724184
18.231708167000306,5.5892023812539415,-0.04288107299292399,-46.948783789376044,5.6,0.0,-89.95437383553924,0.010797618746058113,0.04288107299292399,0.044219622246347845,-43.005590046163206,0.008544237647213019,2.5951463198320416e-16,-0.7499999999727933
18.367951099000038,5.5892023812539415,-0.04288107299292399,-51.24596725270132,5.6,0.0,-89.95437383553924,0.010797618746058113,0.04288107299292399,0.044219622246347845,-38.70840658283793,0.008544237647213019,2.5951463198320416e-16,-0.7499999999727933
18.50176499700001,5.573748996743591,-0.04295717165657266,-55.65009051153952,5.6,0.0,-89.95437383553924,0.026251003256408723,0.04295717165657266,0.05034316009847049,-34.304283323999734,0.0023291454512338063,2.5951463198320416e-16,-0.74999999997278
18.646716640999784,5.569882626422194,-0.04297614420959714,-59.97400892372448,5.6,0.0,-89.95437383553924,0.03011737357780575,0.04297614420959714,0.05247861623889488,-29.980364911814767,0.02297616879651318,1.2460449339000338e-13,-0.7499999999711751
18.79193047400031,5.569882626422195,-0.042976144209597916,-64.05302768814386,5.6,0.0,-89.95437383553924,0.030117373577804862,0.042976144209597916,0.05247861623889501,-25.901346147395397,0.022976168796513957,1.290453854885041e-13,-0.7309615384335255
18.937326800999926,5.547404691230593,-0.039020031670697224,-67.5158799304258,5.6,0.0,-89.95437383553924,0.05259530876940666,0.039020031670697224,0.06548915464511235,-22.43849390511346,0.01919631979354263,5.799111191249257e-14,-0.6792307692051416
19.08415464900054,5.5417697788726095,-0.03803077206297047,-70.73016902995937,5.6,0.0,-89.95437383553924,0.05823022112739018,0.03803077206297047,0.06954925072386023,-19.22420480557988,0.019820389389402886,1.0684092499599103e-13,-0.6090384615122564
19.236704811000436,5.5417697788726095,-0.03803077206297047,-73.60377274076455,5.6,0.0,-89.95437383553924,0.05823022112739018,0.03803077206297047,0.06954925072386023,-16.3506010947747,0.019820389389402886,5.3550219813982384e-14,-0.5365384615112407
19.386697063000156,5.537936880279651,-0.035889976095672654,-76.02617354364267,5.6,0.0,-89.95437383553924,0.0620631197203485,0.035889976095672654,0.07169324384884719,-13.928200291896582,0.019950273776354294,2.4799606812335596e-15,-0.46153846151088224
19.53257305499983,5.536978642061143,-0.03535477692761153,-78.01348350403437,5.6,0.0,-89.95437383553924,0.06302135793885633,0.03535477692761153,0.07226099783464536,-11.940890331504878,0.020132767593806878,1.0462047894675014e-13,-0.3840384615104614
19.684156214000268,5.536978642061145,-0.03535477692762113,-79.59793217579045,5.6,0.0,-89.95437383553924,0.06302135793885455,0.03535477692762113,0.07226099783464851,-10.356441659748809,0.020132767593813054,1.5124984598100771e-13,-0.3115384615099381
19.82816217000027,5.536978642061147,-0.03535477692762901,-80.75266250119722,5.6,0.0,-89.95437383553924,0.06302135793885277,0.03535477692762901,0.07226099783465081,-9.201711334342031,0.020132767593817918,8.907735660199761e-14,-0.23903846150984126
19.972262061000492,5.53314411560648,-0.03710163416330406,-81.66307768362762,5.6,0.0,-89.95437383553924,0.06685588439351964,0.03710163416330406,0.0764607123667267,-8.291296151911627,0.024012309065343206,9.12978026512389e-14,-0.16499999997106285
20.12490833899983,5.532177442041749,-0.037538225156121124,-82.2575948363509,5.6,0.0,-89.95437383553924,0.06782255795825076,0.037538225156121124,0.0775178541748411,-7.696778999188352,0.025004747310845465,5.132977376473241e-14,-0.1123076922763137
20.26988375100018,5.532177442041749,-0.037538225156121124,-82.8085157930149,5.6,0.0,-89.95437383553924,0.06782255795825076,0.037538225156121124,0.0775178541748411,-7.145858042524344,0.025004747310845465,2.5951463198319593e-16,-0.0961538461202361
20.407017677000567,5.532177442041749,-0.037538225156121124,-83.35943674967892,5.6,0.0,-89.95437383553924,0.06782255795825076,0.037538225156121124,0.0775178541748411,-6.594937085860335,0.025004747310845465,2.5951463198319593e-16,-0.0961538461202361
20.55567117200053,5.532177442041749,-0.037538225156121124,-83.9103577063429,5.6,0.0,-89.95437383553924,0.06782255795825076,0.037538225156121124,0.0775178541748411,-6.044016129196352,0.025004747310845465,2.5951463198319593e-16,-0.0961538461202361
20.709832302999985,5.532177442041749,-0.037538225156121124,-84.27176185386054,5.6,0.0,-89.95437383553924,0.06782255795825076,0.037538225156121124,0.0775178541748411,-5.682611981678708,0.025004747310845465,2.5951463198319593e-16,-0.07961538458284566
20.856810896999832,5.532177442041749,-0.037538225156121124,-84.6023144277829,5.6,0.0,-89.95437383553924,0.06782255795825076,0.037538225156121124,0.0775178541748411,-5.352059407756344,0.025004747310845465,2.5951463198319593e-16,-0.06038461535216808
21.004017030999876,5.532177442041749,-0.037538225156121124,-84.93286700170528,5.6,0.0,-89.95437383553924,0.06782255795825076,0.037538225156121124,0.0775178541748411,-5.021506833833979,0.025004747310845465,2.5951463198319593e-16,-0.05769230765887821
21.153932837999946,5.532177442041749,-0.037538225156121124,-85.26341957562765,5.6,0.0,-89.95437383553924,0.06782255795825076,0.037538225156121124,0.0775178541748411,-4.690954259911603,0.025004747310845465,2.5951463198319593e-16,-0.05769230765887821
21.3029282170005,5.532177442041749,-0.037538225156121124,-85.59397214955001,5.6,0.0,-89.95437383553924,0.06782255795825076,0.037538225156121124,0.0775178541748411,-4.360401685989238,0.025004747310845465,2.5951463198319593e-16,-0.05769230765887821
21.448063579000063,5.532177442041749,-0.037538225156121124,-85.9245247234724,5.6,0.0,-89.95437383553924,0.06782255795825076,0.037538225156121124,0.0775178541748411,-4.029849112066849,0.025004747310845465,2.5951463198319593e-16,-0.05769230765887719
21.597624876999816,5.532177442041749,-0.037538225156121124,-86.25507729739475,5.6,0.0,-89.95437383553924,0.06782255795825076,0.037538225156121124,0.0775178541748411,-3.6992965381444973,0.025004747310845465,2.5951463198319593e-16,-0.05769230765887821
21.748021691000304,5.532177442041749,-0.037538225156121124,-86.58562987131717,5.6,0.0,-89.95437383553924,0.06782255795825076,0.037538225156121124,0.0775178541748411,-3.368743964222083,0.025004747310845465,2.5951463198319593e-16,-0.05769230765887821
21.897511556000154,5.532177442041749,-0.037538225156121124,-86.91618244523951,5.6,0.0,-89.95437383553924,0.06782255795825076,0.037538225156121124,0.0775178541748411,-3.038191390299731,0.025004747310845465,2.5951463198319593e-16,-0.05769230765887821
22.050863534000655,5.532177442041749,-0.037538225156121124,-87.14536556311197,5.6,0.0,-89.95437383553924,0.06782255795825076,0.037538225156121124,0.0775178541748411,-2.809008272427281,0.025004747310845465,2.5951463198319593e-16,-0.04884615381374076
22.195354981000037,5.540361358159556,-0.03852857233284337,-87.08701743740782,5.6,0.0,-89.95437383553924,0.05963864184044354,0.03852857233284337,0.07100153862121472,-2.8673563981314305,0.020885743311650155,2.5951463198319593e-16,-0.02384615382443689
22.335528465000152,5.5424045630516625,-0.03877611608561374,-87.06141198686188,5.6,0.0,-89.95437383553924,0.05759543694833713,0.03877611608561374,0.06943213619034683,-2.892961848677369,0.020254275110710745,2.5951463198319593e-16,-0.0038461538401357784
22.47864607800011,5.5424045630516625,-0.03877611608561374,-87.06141198686188,5.6,0.0,-89.95437383553924,0.05759543694833713,0.03877611608561374,0.06943213619034683,-2.892961848677369,0.020254275110710745,2.5951463198319593e-16,-6.22958474793479e-17
22.612738477999756,5.5424045630516625,-0.03877611608561374,-87.06141198686188,5.6,0.0,-89.95437383553924,0.05759543694833713,0.03877611608561374,0.06943213619034683,-2.892961848677369,0.020254275110710745,2.5951463198319593e-16,-6.22958474793479e-17
